{"_timestamp":1.772697034009217e+09,"train_loss":0.20565302506668173,"test_f1":0.8567618297593274,"_wandb":{"runtime":5},"epoch":10,"test_accuracy":0.8581,"val_loss":0.22004296808728596,"train_accuracy":0.8779814814814815,"_step":10,"val_accuracy":0.8646666666666667,"_runtime":5}