{"val_loss":0.24528650076601902,"test_f1":0.9118465272887392,"_wandb":{"runtime":5},"val_accuracy":0.908,"_step":10,"test_accuracy":0.9131,"train_loss":0.24382755641000975,"_timestamp":1.772704224054005e+09,"train_accuracy":0.9066481481481482,"_runtime":5,"epoch":10}