{"_wandb":{"runtime":5},"val_accuracy":0.6501666666666667,"_step":10,"test_accuracy":0.6607,"_runtime":5,"_timestamp":1.7726965516683269e+09,"train_loss":0.6550857538058166,"epoch":10,"val_loss":0.6517055944913565,"train_accuracy":0.6440925925925925,"test_f1":0.6392340356374465}