{"epoch":10,"_wandb":{"runtime":6},"_runtime":6,"train_accuracy":0.8161296296296296,"val_loss":0.6132123285175439,"val_accuracy":0.8048333333333333,"_step":10,"train_loss":0.5960581714279279,"test_accuracy":0.8193,"test_f1":0.8177991611369448,"_timestamp":1.772707029681986e+09}