{"_wandb":{"runtime":9},"_runtime":9,"train_accuracy":0.10018518518518518,"epoch":5,"val_accuracy":0.09833333333333333,"test_accuracy":0.1,"test_f1":0.01818181818181818,"train_loss":0.9242798948531652,"val_loss":0.9269533121630439,"_step":5,"_timestamp":1.7727029149115179e+09}