{"val_loss":0.5675925799088798,"epoch":10,"_wandb":{"runtime":10},"_step":10,"val_accuracy":0.5811666666666667,"train_accuracy":0.5928518518518519,"test_f1":0.5051413661426929,"test_accuracy":0.5902,"train_loss":0.5621848767026342,"_runtime":10,"_timestamp":1.77270293780937e+09}