{"_wandb":{"runtime":4},"_timestamp":1.772704056470904e+09,"val_loss":4086.1940829013683,"test_f1":0.09203392657059865,"_runtime":4,"_step":10,"epoch":10,"train_accuracy":0.09935185185185186,"test_accuracy":0.0997,"val_accuracy":0.10466666666666667,"train_loss":4030.389065666547}