{"val_accuracy":0.9553333333333334,"train_loss":0.0855820909105017,"_timestamp":1.772705578535719e+09,"train_accuracy":0.9608888888888889,"_step":5,"epoch":5,"test_accuracy":0.9573,"test_f1":0.9568791992439933,"_wandb":{"runtime":8},"_runtime":8,"val_loss":0.08957677894441056}