{"_runtime":8,"_timestamp":1.7727061874308338e+09,"train_accuracy":0.9384074074074074,"val_accuracy":0.9371666666666667,"epoch":5,"val_loss":0.1336111369184011,"test_accuracy":0.9379,"test_f1":0.9371437862285761,"train_loss":0.1325899176867527,"_wandb":{"runtime":8},"_step":5}