{"val_accuracy":0.388,"_step":5,"_wandb":{"runtime":6},"_runtime":6,"test_f1":0.29108022717013393,"train_loss":0.8512966959463812,"_timestamp":1.772702772333311e+09,"train_accuracy":0.3797037037037037,"test_accuracy":0.3751,"epoch":5,"val_loss":0.8512572715969409}