{"val_loss":0.12196681503396523,"train_accuracy":0.9566666666666667,"val_accuracy":0.952,"test_f1":0.9530024153976193,"_step":10,"epoch":10,"_wandb":{"runtime":12},"_timestamp":1.772696448986495e+09,"train_loss":0.11877502245402717,"test_accuracy":0.9534,"_runtime":12}