{"val_accuracy":0.33766666666666667,"val_loss":2.274756542651939,"_step":5,"epoch":5,"_wandb":{"runtime":5},"train_accuracy":0.33194444444444443,"_timestamp":1.7727019074665082e+09,"train_loss":2.2744767532464114,"_runtime":5,"test_accuracy":0.3441,"test_f1":0.2870254725599632}