{"_timestamp":1.772704242394749e+09,"train_accuracy":0.8284444444444444,"test_f1":0.8300490297578633,"_runtime":5,"epoch":10,"test_accuracy":0.8356,"_wandb":{"runtime":5},"_step":10,"train_loss":0.418333369696589,"val_loss":0.42049304308565766,"val_accuracy":0.8265}