{"test_f1":0.8596056743385019,"_runtime":6,"val_accuracy":0.8665,"_wandb":{"runtime":6},"epoch":10,"train_loss":0.21134195492412533,"test_accuracy":0.8616,"_timestamp":1.772697325422085e+09,"train_accuracy":0.8821481481481481,"_step":10,"val_loss":0.23068277169451365}