{"val_accuracy":0.8861666666666667,"test_accuracy":0.8792,"test_f1":0.8769156190809009,"_runtime":11,"val_loss":0.3288579542457839,"_timestamp":1.77270702462501e+09,"_step":10,"epoch":10,"train_loss":0.24056078257528066,"_wandb":{"runtime":11},"train_accuracy":0.9112962962962963}