{"_timestamp":1.7727053481143801e+09,"_step":5,"test_accuracy":0.9225,"test_f1":0.9214192862697012,"epoch":5,"_wandb":{"runtime":2},"train_accuracy":0.9267592592592593,"val_loss":0.2168750277336072,"train_loss":0.21131346169353304,"val_accuracy":0.9183333333333333,"_runtime":2}