{"val_accuracy":0.109,"_wandb":{"runtime":2},"_timestamp":1.7727049129043908e+09,"test_accuracy":0.1135,"test_f1":0.0203861697350696,"val_loss":2.3024937147724045,"epoch":5,"train_loss":2.3024562908783066,"train_accuracy":0.11274074074074074,"_runtime":2,"_step":5}