{"_wandb":{"runtime":6},"_step":5,"_runtime":6,"train_loss":0.4190072256601007,"test_f1":0.8215261032760696,"epoch":5,"val_loss":0.4396410950525554,"val_accuracy":0.821,"_timestamp":1.772706081802918e+09,"train_accuracy":0.8371111111111111,"test_accuracy":0.8175}