{"test_f1":0.8236622525435212,"val_accuracy":0.8298333333333333,"epoch":5,"_step":5,"_wandb":{"runtime":10},"train_loss":0.2817340608590375,"val_loss":0.29964057526400034,"_timestamp":1.772705766398089e+09,"train_accuracy":0.8413148148148148,"test_accuracy":0.8226,"_runtime":10}