{"val_loss":0.23703237635922597,"_step":10,"test_accuracy":0.861,"_runtime":10,"_wandb":{"runtime":10},"val_accuracy":0.869,"epoch":10,"_timestamp":1.772697841598649e+09,"test_f1":0.85536538796313,"train_loss":0.21135082857332754,"train_accuracy":0.8842222222222222}