{"_step":5,"epoch":5,"train_loss":0.4624483815102297,"train_accuracy":0.8328148148148148,"val_loss":0.4644623131031244,"val_accuracy":0.8351666666666666,"test_accuracy":0.842,"_wandb":{"runtime":2},"test_f1":0.8378347863347585,"_runtime":2,"_timestamp":1.772703910212103e+09}