{"val_loss":1.6791330664451538,"epoch":10,"test_accuracy":0.6565,"_wandb":{"runtime":5},"test_f1":0.6189124052857546,"train_loss":1.6647328417982088,"val_accuracy":0.6541666666666667,"_step":10,"train_accuracy":0.6572037037037037,"_timestamp":1.7727056754695208e+09,"_runtime":5}