{"epoch":10,"val_accuracy":0.8038333333333333,"_wandb":{"runtime":15},"train_loss":0.9773017626320829,"test_accuracy":0.8047,"val_loss":0.9752212787651797,"_timestamp":1.772706671230322e+09,"_runtime":15,"train_accuracy":0.7990925925925926,"_step":10,"test_f1":0.7988624595687502}