{"_step":10,"epoch":10,"train_loss":0.19032384935966817,"train_accuracy":0.8856111111111111,"test_f1":0.8664835072371162,"val_loss":0.20542925659239403,"_timestamp":1.772696963379953e+09,"test_accuracy":0.8663,"_wandb":{"runtime":7},"val_accuracy":0.876,"_runtime":7}