{"val_loss":0.9230692555442171,"val_accuracy":0.09166666666666666,"train_loss":0.9230529688038556,"test_accuracy":0.1,"_timestamp":1.7727048564536052e+09,"epoch":5,"test_f1":0.01818181818181818,"_step":5,"train_accuracy":0.10092592592592593,"_runtime":5,"_wandb":{"runtime":5}}