{"val_accuracy":0.8266666666666667,"_timestamp":1.7727057977944078e+09,"test_f1":0.8162703530759364,"_step":10,"test_accuracy":0.8184,"_wandb":{"runtime":6},"_runtime":6,"val_loss":0.5080936215149527,"train_loss":0.5016784083434543,"epoch":10,"train_accuracy":0.8310925925925926}