{"epoch":10,"train_loss":0.3095614905810528,"val_loss":0.31562457564470203,"val_accuracy":0.8173333333333334,"_timestamp":1.7727033942719748e+09,"test_f1":0.8039068560926402,"test_accuracy":0.8084,"_wandb":{"runtime":6},"_step":10,"train_accuracy":0.8213888888888888,"_runtime":6}