{"_timestamp":1.7727069344507499e+09,"_step":10,"_wandb":{"runtime":16},"train_accuracy":0.7176481481481481,"val_accuracy":0.7205,"train_loss":0.4401611398814399,"val_loss":0.43684375116376567,"test_accuracy":0.7297,"_runtime":16,"epoch":10,"test_f1":0.7236648289680981}