{"val_accuracy":0.846,"test_accuracy":0.8375,"_step":5,"val_loss":0.41817178647757247,"epoch":5,"_timestamp":1.772704954121718e+09,"train_accuracy":0.8543333333333333,"_wandb":{"runtime":4},"train_loss":0.41316790203130344,"test_f1":0.8372562208714323,"_runtime":4}