{"_timestamp":1.7727052774865558e+09,"_step":5,"val_loss":0.9001872911898471,"train_accuracy":0.09812962962962964,"train_loss":0.9004757871506905,"test_accuracy":0.098,"val_accuracy":0.104,"test_f1":0.01785063752276867,"_wandb":{"runtime":4},"epoch":5,"_runtime":4}