{"epoch":5,"_step":5,"train_accuracy":0.6142222222222222,"_runtime":4,"val_accuracy":0.6113333333333333,"_timestamp":1.772695853015041e+09,"train_loss":0.7354608986175806,"val_loss":0.736349503352328,"test_accuracy":0.624,"_wandb":{"runtime":4},"test_f1":0.5570657254394327}