{"val_loss":0.4155784078196973,"_timestamp":1.772706829426825e+09,"train_loss":0.4030112051869879,"train_accuracy":0.8596666666666667,"val_accuracy":0.8515,"epoch":5,"test_accuracy":0.8428,"_wandb":{"runtime":2},"_step":5,"_runtime":2,"test_f1":0.8425257916819728}