{"val_accuracy":0.7365,"test_f1":0.7205223669110365,"test_accuracy":0.7329,"val_loss":0.528287018528734,"_timestamp":1.772702658354152e+09,"_wandb":{"runtime":15},"_runtime":15,"train_loss":0.5226895203957606,"train_accuracy":0.7389259259259259,"_step":10,"epoch":10}