{"_timestamp":1.772704271075542e+09,"_wandb":{"runtime":7},"val_loss":0.3209557845830418,"test_f1":0.7924103442022663,"train_accuracy":0.8134074074074074,"val_accuracy":0.8085,"_runtime":7,"_step":10,"train_loss":0.314858454076696,"epoch":10,"test_accuracy":0.8027}