{"test_f1":0.9601643470623198,"train_loss":0.08033757659179204,"epoch":10,"_runtime":8,"_timestamp":1.772705788374104e+09,"val_accuracy":0.9618333333333333,"train_accuracy":0.9689629629629629,"val_loss":0.08829418241198975,"_wandb":{"runtime":8},"_step":10,"test_accuracy":0.9605}