{"_wandb":{"runtime":8},"test_f1":0.8881977484543079,"val_loss":0.2952353248208457,"train_loss":0.2926985242801801,"test_accuracy":0.8907,"val_accuracy":0.8843333333333333,"_timestamp":1.772706000257959e+09,"_runtime":8,"train_accuracy":0.883962962962963,"_step":5,"epoch":5}