{"val_loss":0.7010383616974775,"test_f1":0.6587460888653164,"_step":10,"epoch":10,"val_accuracy":0.6485,"_timestamp":1.772696704353472e+09,"_runtime":4,"train_loss":0.6966736469792535,"train_accuracy":0.657,"test_accuracy":0.6707,"_wandb":{"runtime":4}}