{"_step":10,"val_accuracy":0.972,"train_loss":0.054726316733825366,"_timestamp":1.7727065300540512e+09,"epoch":10,"test_f1":0.9714191963745676,"test_accuracy":0.9716,"_runtime":13,"train_accuracy":0.9805925925925926,"_wandb":{"runtime":13},"val_loss":0.06614619884033764}