{"val_accuracy":0.4688333333333333,"_timestamp":1.772697205601739e+09,"train_accuracy":0.4718703703703704,"test_accuracy":0.4694,"_runtime":5,"test_f1":0.33129493851339314,"val_loss":0.7617550994040259,"train_loss":0.7609131429810931,"_wandb":{"runtime":5},"_step":10,"epoch":10}