{"train_loss":0.22052433536058216,"val_accuracy":0.8606666666666667,"_step":5,"_wandb":{"runtime":5},"_timestamp":1.7727055590928042e+09,"val_loss":0.2305530196333071,"_runtime":5,"epoch":5,"train_accuracy":0.8692407407407408,"test_accuracy":0.8516,"test_f1":0.8507274131912238}