{"val_accuracy":0.9431666666666667,"_timestamp":1.772706606400379e+09,"test_accuracy":0.944,"_wandb":{"runtime":6},"train_accuracy":0.9459444444444445,"_step":10,"test_f1":0.943248220333442,"val_loss":0.18042283039140064,"train_loss":0.17525782032729742,"_runtime":6,"epoch":10}