{"_timestamp":1.7727072941040971e+09,"epoch":10,"_wandb":{"runtime":10},"_step":10,"train_loss":2.304630612554024,"val_loss":2.303434672985101,"val_accuracy":0.13333333333333333,"train_accuracy":0.13274074074074074,"test_accuracy":0.1293,"test_f1":0.0703500342054766,"_runtime":10}