{"train_accuracy":0.09812962962962964,"val_loss":NaN,"_timestamp":1.772694914162451e+09,"_step":9,"_wandb":{"runtime":13},"train_loss":NaN,"_runtime":13,"val_accuracy":0.104,"epoch":10}