{"test_f1":0.4667269867729279,"val_loss":1.224080750725038,"_timestamp":1.772702854906282e+09,"_step":10,"_wandb":{"runtime":6},"epoch":10,"val_accuracy":0.5435,"test_accuracy":0.5402,"_runtime":6,"train_loss":1.2398378662533984,"train_accuracy":0.5394629629629629}