{"_runtime":3,"_step":10,"train_loss":0.48459250290198375,"test_accuracy":0.8272,"val_accuracy":0.8186666666666667,"test_f1":0.8222755742240307,"val_loss":0.48800816910987144,"epoch":10,"_timestamp":1.772703953934487e+09,"train_accuracy":0.8194074074074074,"_wandb":{"runtime":3}}