{"train_accuracy":0.9108703703703703,"val_accuracy":0.9116666666666666,"_timestamp":1.772695956227923e+09,"val_loss":0.21212698892490683,"test_f1":0.9121183083871429,"_step":5,"_runtime":4,"_wandb":{"runtime":4},"test_accuracy":0.9132,"epoch":5,"train_loss":0.21228929453752796}