{"_wandb":{"runtime":7},"test_f1":0.7731559100980283,"_runtime":7,"val_loss":0.3891548492087289,"test_accuracy":0.7801,"val_accuracy":0.7898333333333334,"_timestamp":1.772696127863133e+09,"train_loss":0.38424081304084745,"train_accuracy":0.791425925925926,"epoch":10,"_step":10}