{"test_accuracy":0.7915,"test_f1":0.7736714465406821,"train_accuracy":0.7790370370370371,"_runtime":5,"_step":10,"_wandb":{"runtime":5},"epoch":10,"val_accuracy":0.772,"train_loss":0.5361066981197915,"val_loss":0.538204356911896,"_timestamp":1.772703995835985e+09}