{"val_accuracy":0.9178333333333333,"_timestamp":1.772704090001865e+09,"_step":10,"_wandb":{"runtime":6},"epoch":10,"train_loss":0.2115372032581181,"train_accuracy":0.9158333333333334,"val_loss":0.2100408548718385,"_runtime":6,"test_f1":0.9191226267138589,"test_accuracy":0.9202}