{"val_accuracy":0.8646666666666667,"epoch":5,"train_loss":0.5656353593832203,"val_loss":0.5624237091436843,"_timestamp":1.772705182180639e+09,"_step":5,"test_f1":0.8737326342662664,"_wandb":{"runtime":3},"test_accuracy":0.8761,"train_accuracy":0.8645,"_runtime":3}