{"epoch":5,"_step":5,"test_accuracy":0.9514,"val_loss":0.1528714198820319,"train_loss":0.14759972438678287,"_runtime":6,"_wandb":{"runtime":6},"_timestamp":1.772706352987457e+09,"train_accuracy":0.9567777777777777,"test_f1":0.9509036216436998,"val_accuracy":0.9545}