{"train_accuracy":0.9689814814814814,"_timestamp":1.772706386098528e+09,"val_loss":0.14383231908120853,"_step":10,"epoch":10,"_wandb":{"runtime":15},"test_accuracy":0.9606,"test_f1":0.9603574414519104,"_runtime":15,"val_accuracy":0.9646666666666667,"train_loss":0.13267874586030912}