{"val_accuracy":0.7785,"_runtime":5,"_step":10,"train_loss":0.6551623790161049,"epoch":10,"val_loss":0.6650690684337989,"test_f1":0.7710360554059801,"_wandb":{"runtime":5},"_timestamp":1.772705803780137e+09,"train_accuracy":0.7862962962962963,"test_accuracy":0.7755}