{"val_loss":87.22109903326364,"_wandb":{"runtime":11},"_step":10,"train_loss":87.08877441863152,"val_accuracy":0.09833333333333333,"_timestamp":1.77270677460918e+09,"epoch":10,"train_accuracy":0.1002037037037037,"test_f1":0.01818181818181818,"_runtime":11,"test_accuracy":0.1}