{"train_accuracy":0.7588703703703704,"val_loss":0.5489937874134663,"_timestamp":1.772705085684858e+09,"train_loss":0.5464279304656928,"_runtime":7,"test_f1":0.7572695703940594,"val_accuracy":0.7601666666666667,"_step":5,"_wandb":{"runtime":7},"epoch":5,"test_accuracy":0.7675}