{"train_loss":0.46724801523801257,"test_f1":0.8156887625824941,"_wandb":{"runtime":3},"test_accuracy":0.8216,"_step":5,"_runtime":3,"epoch":5,"train_accuracy":0.8106666666666666,"val_loss":0.469387211878375,"_timestamp":1.772705019070103e+09,"val_accuracy":0.8026666666666666}