{"test_f1":0.9679606550087412,"_timestamp":1.772705909135926e+09,"test_accuracy":0.9682,"_runtime":17,"val_accuracy":0.9683333333333334,"epoch":10,"train_loss":0.07138272152761437,"_step":10,"train_accuracy":0.9745925925925926,"_wandb":{"runtime":17},"val_loss":0.0796564475814265}