{"_runtime":9,"test_accuracy":0.9092,"val_accuracy":0.9018333333333334,"train_accuracy":0.9023518518518518,"_wandb":{"runtime":9},"val_loss":0.236218698017896,"_step":10,"epoch":10,"test_f1":0.9078137151965384,"_timestamp":1.772704315285353e+09,"train_loss":0.23619226878281285}