{"test_accuracy":0.8252,"val_accuracy":0.8325,"epoch":10,"val_loss":0.2931812718961296,"_wandb":{"runtime":3},"_step":10,"test_f1":0.8223234689598232,"train_accuracy":0.839,"_timestamp":1.772703827391839e+09,"train_loss":0.2852834851387451,"_runtime":3}