{"val_accuracy":0.8695,"val_loss":0.19443233868621684,"epoch":10,"train_accuracy":0.8862037037037037,"test_accuracy":0.8619,"_wandb":{"runtime":7},"_timestamp":1.772697721614534e+09,"train_loss":0.17385804731683643,"_step":10,"_runtime":7,"test_f1":0.8605386938119584}