{"test_accuracy":0.9569,"_wandb":{"runtime":11},"_step":10,"test_f1":0.9567877857021962,"train_accuracy":0.9725185185185186,"val_accuracy":0.9606666666666667,"val_loss":0.1280936657689802,"_timestamp":1.772706903888816e+09,"epoch":10,"_runtime":11,"train_loss":0.11224166202614513}