{"_timestamp":1.772704965242429e+09,"test_f1":0.8021797286924024,"val_accuracy":0.824,"train_loss":0.30762744885472015,"train_accuracy":0.8241111111111111,"val_loss":0.3130267958469565,"_runtime":4,"_step":5,"test_accuracy":0.8078,"epoch":5,"_wandb":{"runtime":4}}