{"_timestamp":1.7727036225462122e+09,"train_accuracy":0.9486296296296296,"test_f1":0.9484571383561249,"_wandb":{"runtime":5},"_runtime":5,"train_loss":0.1383320936263216,"_step":10,"val_loss":0.14162568099846376,"val_accuracy":0.9456666666666667,"epoch":10,"test_accuracy":0.9489}