{"train_accuracy":0.9792962962962963,"val_loss":0.07679499159994985,"epoch":10,"_runtime":5,"train_loss":0.0630826318099989,"test_accuracy":0.9706,"val_accuracy":0.969,"_timestamp":1.7726985409047282e+09,"_step":10,"_wandb":{"runtime":5},"test_f1":0.970392826953203}