{"test_f1":0.01818181818181818,"val_accuracy":0.09833333333333333,"_runtime":8,"epoch":10,"train_loss":0.9290177506382261,"val_loss":0.9295979217802133,"_timestamp":1.772702721938009e+09,"test_accuracy":0.1,"_wandb":{"runtime":8},"train_accuracy":0.10018518518518518,"_step":10}