{"test_f1":0.7193328710696278,"_runtime":5,"_step":10,"train_accuracy":0.7537037037037037,"test_accuracy":0.7481,"val_accuracy":0.7448333333333333,"_wandb":{"runtime":5},"epoch":10,"_timestamp":1.772704110298164e+09,"train_loss":0.43392376247209424,"val_loss":0.440345710643951}