{"test_f1":0.9136394703932776,"_step":5,"train_loss":0.2514363738951548,"test_accuracy":0.9148,"_runtime":2,"_wandb":{"runtime":2},"_timestamp":1.772703790402106e+09,"epoch":5,"train_accuracy":0.9095,"val_accuracy":0.9095,"val_loss":0.2545230062050066}