{"val_accuracy":0.8321666666666667,"_step":10,"_wandb":{"runtime":3},"_timestamp":1.77269789501952e+09,"epoch":10,"train_loss":0.2817147543317284,"test_accuracy":0.8341,"test_f1":0.831054632601228,"_runtime":3,"val_loss":0.2842088881166758,"train_accuracy":0.8368333333333333}