{"_step":10,"train_accuracy":0.9720555555555556,"test_f1":0.9653363073851959,"_timestamp":1.772706041395494e+09,"epoch":10,"val_accuracy":0.9683333333333334,"_wandb":{"runtime":12},"_runtime":12,"train_loss":0.08271575684856156,"val_loss":0.09031531982931393,"test_accuracy":0.9656}