{"val_loss":0.3253434274837274,"_step":5,"_wandb":{"runtime":2},"epoch":5,"_runtime":2,"train_loss":0.3238639767470213,"val_accuracy":0.8873333333333333,"_timestamp":1.772704252800971e+09,"train_accuracy":0.8834814814814815,"test_accuracy":0.8921,"test_f1":0.8903392081124137}