{"val_loss":0.607824638846178,"_runtime":8,"test_accuracy":0.655,"_timestamp":1.7727026145299919e+09,"_step":10,"train_loss":0.6020234669264339,"train_accuracy":0.666037037037037,"epoch":10,"_wandb":{"runtime":8},"val_accuracy":0.661,"test_f1":0.6315315962927558}