{"_timestamp":1.772705618489234e+09,"val_accuracy":0.8653333333333333,"_wandb":{"runtime":11},"train_accuracy":0.8719259259259259,"epoch":10,"train_loss":0.21411523701412788,"_runtime":11,"test_f1":0.8568531353974598,"_step":10,"test_accuracy":0.8584,"val_loss":0.2248978658720329}