{"_wandb":{"runtime":8},"test_f1":0.8488693245410699,"_step":5,"train_accuracy":0.8652222222222222,"val_loss":0.2467807272741982,"_timestamp":1.772705403774396e+09,"test_accuracy":0.8511,"val_accuracy":0.8633333333333333,"epoch":5,"train_loss":0.23797900560992652,"_runtime":8}