{"val_accuracy":0.8855,"_wandb":{"runtime":5},"test_accuracy":0.8854,"epoch":10,"val_loss":0.30411290682380326,"_runtime":5,"_step":10,"_timestamp":1.7726974757946591e+09,"train_loss":0.30341686683961533,"test_f1":0.8828158743165101,"train_accuracy":0.8802592592592593}