{"_wandb":{"runtime":11},"_runtime":11,"val_loss":3.3383782804178,"val_accuracy":0.104,"test_accuracy":0.098,"train_accuracy":0.09809259259259259,"epoch":10,"train_loss":3.3031637420465683,"_timestamp":1.772703177621121e+09,"test_f1":0.017868538608806637,"_step":10}