{"val_loss":0.20710806508007318,"val_accuracy":0.9103333333333333,"_wandb":{"runtime":7},"train_loss":0.20677240816438455,"test_f1":0.9101821383342953,"train_accuracy":0.9086481481481481,"test_accuracy":0.9113,"_step":10,"epoch":10,"_timestamp":1.772696725404434e+09,"_runtime":7}