{"_timestamp":1.7727053651432178e+09,"_runtime":9,"val_accuracy":0.9693333333333334,"test_f1":0.9681034467038845,"epoch":10,"_step":10,"train_loss":0.03800714097519102,"train_accuracy":0.9888888888888889,"_wandb":{"runtime":9},"test_accuracy":0.968,"val_loss":0.11238987069857084}