{"val_accuracy":0.8255,"_wandb":{"runtime":6},"test_accuracy":0.8222,"_step":10,"_runtime":6,"train_loss":0.3060023666121837,"train_accuracy":0.8307962962962963,"val_loss":0.31281294954085753,"epoch":10,"_timestamp":1.77270438890178e+09,"test_f1":0.8192001442990442}