{"_timestamp":1.772702870562541e+09,"train_loss":1.518494176704701,"val_accuracy":0.1045,"_wandb":{"runtime":4},"train_accuracy":0.0995,"epoch":10,"test_accuracy":0.1,"_step":10,"test_f1":0.01818181818181818,"val_loss":1.508019056572505,"_runtime":4}