{"train_accuracy":0.8891296296296296,"val_loss":0.2666688493751356,"test_f1":0.8955910136635981,"_wandb":{"runtime":5},"val_accuracy":0.8895,"test_accuracy":0.8976,"train_loss":0.2649085132654302,"_timestamp":1.7726968014106848e+09,"_step":10,"epoch":10,"_runtime":5}