{"train_accuracy":0.9566851851851852,"_step":10,"epoch":10,"_wandb":{"runtime":7},"test_accuracy":0.9538,"val_accuracy":0.9548333333333333,"_timestamp":1.7727063240074298e+09,"test_f1":0.9533373584138086,"train_loss":0.12767120888881187,"val_loss":0.13263757966619455,"_runtime":7}