{"val_loss":1.8803064795080469,"train_loss":1.897344330648645,"test_f1":0.01818181818181818,"_runtime":12,"_timestamp":1.772696669792929e+09,"train_accuracy":0.0997962962962963,"test_accuracy":0.1,"_wandb":{"runtime":12},"epoch":10,"val_accuracy":0.10183333333333333,"_step":10}