{"val_loss":3.7934794968469276,"test_f1":0.017751047931474397,"train_loss":3.8091883767916155,"_runtime":13,"test_accuracy":0.0974,"_timestamp":1.772703224865534e+09,"val_accuracy":0.0975,"_wandb":{"runtime":13},"epoch":10,"_step":10,"train_accuracy":0.09751851851851852}