{"_runtime":16,"val_loss":0.28061454768836597,"_step":10,"train_accuracy":0.8864074074074074,"val_accuracy":0.8891666666666667,"_timestamp":1.772706263862541e+09,"_wandb":{"runtime":16},"train_loss":0.27915737102550586,"epoch":10,"test_f1":0.8924685563010712,"test_accuracy":0.8941}