{"train_accuracy":0.9467037037037037,"test_f1":0.9447939073150222,"val_accuracy":0.9468333333333333,"_timestamp":1.772703152479959e+09,"train_loss":0.13699787234510957,"_step":10,"_runtime":8,"test_accuracy":0.9454,"val_loss":0.1381219381826708,"epoch":10,"_wandb":{"runtime":8}}