{"val_loss":0.44337452583632586,"val_accuracy":0.8255,"_timestamp":1.772705070217933e+09,"train_loss":0.43941157429869915,"test_f1":0.8321525630399871,"_step":5,"_wandb":{"runtime":3},"train_accuracy":0.8299444444444445,"_runtime":3,"epoch":5,"test_accuracy":0.8377}