{"_runtime":7,"val_accuracy":0.9588333333333333,"_wandb":{"runtime":7},"test_accuracy":0.9562,"epoch":10,"train_loss":0.13291041095265788,"train_accuracy":0.9635555555555556,"_timestamp":1.772697962740638e+09,"test_f1":0.9559946680084606,"val_loss":0.14056586558635834,"_step":10}