{"train_accuracy":0.9750925925925926,"test_accuracy":0.9655,"epoch":10,"_timestamp":1.7726979379070458e+09,"train_loss":0.07132698862686901,"test_f1":0.96520414296203,"_wandb":{"runtime":3},"val_accuracy":0.968,"_runtime":3,"_step":10,"val_loss":0.08272675800857511}