{"_runtime":4,"val_loss":0.30168740455140325,"val_accuracy":0.8281666666666667,"_step":10,"test_accuracy":0.8225,"test_f1":0.8182117745865541,"epoch":10,"_timestamp":1.772704069753132e+09,"_wandb":{"runtime":4},"train_accuracy":0.8339444444444445,"train_loss":0.29487422467911695}