{"val_accuracy":0.9186666666666666,"test_accuracy":0.9221,"_step":10,"train_loss":0.1978686642306238,"test_f1":0.9212487384262882,"_runtime":5,"_wandb":{"runtime":5},"_timestamp":1.772704274494692e+09,"val_loss":0.19931327694468792,"train_accuracy":0.918,"epoch":10}