{"_timestamp":1.772703508916474e+09,"train_loss":0.29552246577397334,"_runtime":7,"val_loss":0.30176799054305253,"_step":10,"train_accuracy":0.8296296296296296,"_wandb":{"runtime":7},"epoch":10,"test_f1":0.8137105904737891,"val_accuracy":0.8241666666666667,"test_accuracy":0.8183}