{"train_loss":0.1794137880401768,"_runtime":5,"_timestamp":1.77269701708018e+09,"test_f1":0.8651574216469123,"train_accuracy":0.8917777777777778,"val_accuracy":0.8766666666666667,"test_accuracy":0.8673,"_step":10,"_wandb":{"runtime":5},"val_loss":0.1999178292764058,"epoch":10}