{"train_accuracy":0.9148148148148149,"val_loss":0.31521165810223717,"_runtime":9,"_step":10,"val_accuracy":0.8895,"test_accuracy":0.8814,"train_loss":0.2333066327194389,"test_f1":0.8822114681215328,"_timestamp":1.772706985911413e+09,"_wandb":{"runtime":9},"epoch":10}