{"test_accuracy":0.9653,"test_f1":0.9650637990794705,"_wandb":{"runtime":18},"_step":10,"epoch":10,"train_loss":0.083518746728183,"val_loss":0.09288740329362437,"_timestamp":1.772706169377802e+09,"train_accuracy":0.9726481481481482,"_runtime":18,"val_accuracy":0.9661666666666666}