{"train_accuracy":0.9849074074074075,"_timestamp":1.772706925809804e+09,"test_accuracy":0.9721,"train_loss":0.05453799558758093,"val_accuracy":0.9741666666666666,"_step":10,"_runtime":12,"epoch":10,"test_f1":0.9719671791873074,"_wandb":{"runtime":12},"val_loss":0.08618699950576061}