{"test_accuracy":0.9493,"train_accuracy":0.9572037037037037,"val_accuracy":0.9516666666666667,"train_loss":0.16004944267314514,"_timestamp":1.77270559765982e+09,"epoch":5,"test_f1":0.9491271279237804,"val_loss":0.16703383264681898,"_wandb":{"runtime":7},"_step":5,"_runtime":7}