{"test_f1":0.9199586248975162,"_runtime":2,"epoch":5,"val_accuracy":0.915,"train_accuracy":0.9139444444444444,"test_accuracy":0.9209,"_step":5,"_wandb":{"runtime":2},"_timestamp":1.772703727612897e+09,"val_loss":0.2319180686264824,"train_loss":0.23238492093660285}