{"_runtime":6,"_step":10,"train_accuracy":0.879,"test_accuracy":0.8577,"epoch":10,"_wandb":{"runtime":6},"_timestamp":1.7726975525832682e+09,"val_accuracy":0.8663333333333333,"val_loss":0.2395358757725959,"train_loss":0.22393198992035515,"test_f1":0.8569950305807554}