{"val_accuracy":0.652,"_step":10,"test_f1":0.6314696677094004,"_wandb":{"runtime":17},"_runtime":17,"_timestamp":1.772706167321759e+09,"val_loss":0.607927367439444,"train_loss":0.6030668688200322,"epoch":10,"train_accuracy":0.6611481481481482,"test_accuracy":0.6555}