{"train_loss":0.22029190014693711,"epoch":10,"test_f1":0.8568444650960222,"train_accuracy":0.8762222222222222,"val_loss":0.2305890081361162,"test_accuracy":0.8563,"_step":10,"val_accuracy":0.871,"_timestamp":1.772703344043905e+09,"_wandb":{"runtime":12},"_runtime":12}