{"val_accuracy":0.9645,"_timestamp":1.772707126456667e+09,"train_accuracy":0.9797222222222223,"_step":5,"val_loss":0.12289957192154254,"epoch":5,"test_f1":0.9633113472612246,"_wandb":{"runtime":5},"_runtime":5,"test_accuracy":0.9638,"train_loss":0.06588888946225913}