{"val_loss":0.1334085978250618,"_timestamp":1.7727061010970528e+09,"test_accuracy":0.942,"test_f1":0.9415182412748576,"train_loss":0.13165976920305755,"val_accuracy":0.9406666666666667,"_runtime":8,"epoch":5,"train_accuracy":0.9433333333333334,"_step":5,"_wandb":{"runtime":8}}