{"_timestamp":1.7727060434877539e+09,"train_loss":2.511359038689536,"train_accuracy":0.09751851851851852,"test_accuracy":0.0974,"_runtime":7,"_wandb":{"runtime":7},"_step":10,"val_accuracy":0.0975,"test_f1":0.017751047931474397,"epoch":10,"val_loss":2.5059503664160903}