{"epoch":5,"_runtime":2,"_timestamp":1.7727039223268359e+09,"val_loss":0.7639703333871094,"val_accuracy":0.4866666666666667,"test_f1":0.42568272914786237,"_wandb":{"runtime":2},"train_loss":0.763516065362601,"_step":5,"test_accuracy":0.4968,"train_accuracy":0.4893888888888889}