{"val_loss":0.2721598027223154,"test_accuracy":0.8331,"_wandb":{"runtime":4},"test_f1":0.8289585100500121,"_runtime":4,"_step":10,"train_accuracy":0.8454444444444444,"val_accuracy":0.84,"epoch":10,"_timestamp":1.772703482031699e+09,"train_loss":0.2661155971265457}