{"epoch":5,"val_accuracy":0.09666666666666666,"test_accuracy":0.0982,"_wandb":{"runtime":5},"_step":5,"_runtime":5,"val_loss":2.499306407056599,"_timestamp":1.77270566732043e+09,"test_f1":0.017883809870697508,"train_accuracy":0.09744444444444444,"train_loss":2.5062480246070753}