{"val_accuracy":0.38233333333333336,"test_f1":0.296470257511985,"epoch":5,"test_accuracy":0.3911,"_step":5,"train_loss":0.7843357027589852,"_runtime":4,"val_loss":0.7864311711826356,"_timestamp":1.772707044596119e+09,"train_accuracy":0.3854074074074074,"_wandb":{"runtime":4}}