{"val_loss":0.21537813397682967,"test_accuracy":0.8624,"train_loss":0.1987946563242849,"test_f1":0.8649433026536771,"_wandb":{"runtime":7},"epoch":5,"train_accuracy":0.8852777777777778,"_runtime":7,"_step":5,"_timestamp":1.772705939395784e+09,"val_accuracy":0.8721666666666666}