{"val_accuracy":0.9806666666666667,"train_loss":0.02375046268285849,"_timestamp":1.772705928463625e+09,"_step":10,"_runtime":8,"train_accuracy":0.9954814814814815,"test_f1":0.9766783860779679,"test_accuracy":0.9769,"epoch":10,"val_loss":0.06779933653128817,"_wandb":{"runtime":8}}