{"val_accuracy":0.9521666666666667,"train_accuracy":0.9574259259259259,"test_accuracy":0.9549,"_wandb":{"runtime":17},"_step":10,"epoch":10,"val_loss":0.12116987099194489,"train_loss":0.1175111087223208,"_timestamp":1.772707134395278e+09,"test_f1":0.9543838087756772,"_runtime":17}