{"val_loss":0.4102994545315284,"_runtime":2,"test_f1":0.7605149602960601,"_step":5,"_timestamp":1.772704940052292e+09,"train_accuracy":0.7836851851851852,"test_accuracy":0.775,"_wandb":{"runtime":2},"val_accuracy":0.7816666666666666,"epoch":5,"train_loss":0.4039833260591912}