{"test_f1":0.1624432958565051,"val_accuracy":0.2805,"_runtime":5,"_wandb":{"runtime":5},"train_accuracy":0.2747962962962963,"epoch":5,"_timestamp":1.772702701563678e+09,"test_accuracy":0.28,"train_loss":0.8129054000513597,"_step":5,"val_loss":0.8098927717059214}