{"test_f1":0.9409175683200001,"epoch":5,"_wandb":{"runtime":5},"train_accuracy":0.9534814814814815,"val_loss":0.14767958276738205,"val_accuracy":0.9413333333333334,"_timestamp":1.7727059423929431e+09,"_runtime":5,"test_accuracy":0.9413,"_step":5,"train_loss":0.1341527809112783}