{"test_accuracy":0.969,"_wandb":{"runtime":9},"epoch":10,"_step":10,"test_f1":0.9688223880883052,"train_accuracy":0.9787777777777777,"val_loss":0.0965150460761605,"val_accuracy":0.9736666666666667,"_runtime":9,"_timestamp":1.772696105462937e+09,"train_loss":0.08222278627072538}