{"epoch":5,"train_accuracy":0.9821851851851852,"_wandb":{"runtime":8},"_runtime":8,"_timestamp":1.7727070889374259e+09,"test_accuracy":0.9709,"train_loss":0.06230942269851994,"val_loss":0.09607495406007156,"_step":5,"val_accuracy":0.9721666666666666,"test_f1":0.9706981263015496}