{"_step":10,"test_f1":0.41364135448961276,"epoch":10,"_timestamp":1.772696304887757e+09,"train_loss":0.6111633975480284,"train_accuracy":0.4915555555555556,"val_loss":0.6164018819183276,"test_accuracy":0.4944,"val_accuracy":0.4825,"_runtime":8,"_wandb":{"runtime":8}}