{"_runtime":5,"val_loss":0.4849652089479554,"test_f1":0.8127857269857325,"train_accuracy":0.8103148148148148,"test_accuracy":0.8174,"val_accuracy":0.8081666666666667,"_timestamp":1.772704346747541e+09,"epoch":10,"_wandb":{"runtime":5},"_step":10,"train_loss":0.4823847128143447}