{"test_accuracy":0.8525,"epoch":10,"_runtime":5,"test_f1":0.8532474291075618,"_wandb":{"runtime":5},"val_loss":0.22795771654634495,"val_accuracy":0.86,"_timestamp":1.772703453715221e+09,"train_accuracy":0.8710740740740741,"_step":10,"train_loss":0.21317507427076898}