{"epoch":10,"train_loss":0.4745130822667954,"_runtime":4,"val_accuracy":0.8193333333333334,"_timestamp":1.772703090654433e+09,"test_accuracy":0.8244,"test_f1":0.8198303694774369,"val_loss":0.47632788377125257,"_step":10,"_wandb":{"runtime":4},"train_accuracy":0.8178888888888889}