{"test_f1":0.8669116436036562,"_runtime":4,"_step":10,"train_loss":0.20143066380313027,"val_accuracy":0.8803333333333333,"_wandb":{"runtime":4},"test_accuracy":0.8674,"val_loss":0.21732695589181203,"_timestamp":1.772703563698601e+09,"epoch":10,"train_accuracy":0.8876481481481482}