{"epoch":10,"train_accuracy":0.9766481481481482,"_timestamp":1.772703420950946e+09,"_step":10,"val_loss":0.09660187171761288,"_runtime":7,"test_f1":0.9697343288621857,"train_loss":0.08529951218960281,"_wandb":{"runtime":7},"test_accuracy":0.9699,"val_accuracy":0.969}