{"train_accuracy":0.0997962962962963,"epoch":10,"val_loss":1.9658589439769937e+27,"val_accuracy":0.10183333333333333,"train_loss":1.944178999827255e+27,"_wandb":{"runtime":13},"_runtime":13,"_timestamp":1.772694864508694e+09,"_step":9}