{"train_loss":0.9526237843969543,"val_loss":0.9527801998675675,"train_accuracy":0.09914814814814815,"_wandb":{"runtime":9},"_timestamp":1.7727027791974158e+09,"test_f1":0.02082337651168044,"val_accuracy":0.10066666666666667,"test_accuracy":0.0999,"_runtime":9,"_step":10,"epoch":10}