{"_wandb":{"runtime":10},"_timestamp":1.772696573561099e+09,"train_accuracy":0.897425925925926,"_step":10,"test_f1":0.8748158045645077,"_runtime":10,"val_accuracy":0.8826666666666667,"val_loss":0.18624082690532995,"epoch":10,"train_loss":0.1655000343250393,"test_accuracy":0.8744}