{"train_accuracy":0.11274074074074074,"_runtime":5,"_timestamp":1.772702006864628e+09,"_step":5,"test_f1":0.0203861697350696,"train_loss":2.3010954583482253,"_wandb":{"runtime":5},"val_loss":2.302027578116162,"val_accuracy":0.109,"epoch":5,"test_accuracy":0.1135}