{"train_accuracy":0.8268148148148148,"_timestamp":1.7727028231426291e+09,"train_loss":0.302243355828107,"val_loss":0.30834380114727256,"test_accuracy":0.8177,"epoch":10,"val_accuracy":0.8243333333333334,"_wandb":{"runtime":14},"_runtime":14,"test_f1":0.8139964697318606,"_step":10}