{"train_loss":0.46347919543308375,"val_accuracy":0.8823333333333333,"_wandb":{"runtime":7},"epoch":10,"train_accuracy":0.8808888888888889,"test_f1":0.8857458627870276,"val_loss":0.4628291913913783,"_runtime":7,"_timestamp":1.772706778941184e+09,"_step":10,"test_accuracy":0.888}