{"val_loss":0.5181855805523389,"_timestamp":1.77270494787108e+09,"train_loss":0.5138376588356196,"_wandb":{"runtime":6},"_step":10,"val_accuracy":0.7268333333333333,"epoch":10,"_runtime":6,"train_accuracy":0.7282962962962963,"test_accuracy":0.7196,"test_f1":0.7087258365705196}