{"_step":10,"_wandb":{"runtime":5},"epoch":10,"val_accuracy":0.43783333333333335,"train_accuracy":0.43972222222222224,"val_loss":1.9453740456018647,"test_f1":0.40268463984707054,"_timestamp":1.772705273646123e+09,"_runtime":5,"test_accuracy":0.4444,"train_loss":1.9429442896950566}