{"_runtime":19,"_timestamp":1.7727032529187279e+09,"_wandb":{"runtime":19},"val_accuracy":0.8211666666666667,"test_f1":0.81280227545191,"test_accuracy":0.8133,"train_loss":0.3054765324135974,"val_loss":0.31103984154067016,"_step":10,"epoch":10,"train_accuracy":0.8242592592592592}