{"_step":5,"test_f1":0.9719697060727401,"train_accuracy":0.9885925925925926,"val_accuracy":0.971,"_timestamp":1.772707317880588e+09,"_runtime":9,"val_loss":0.08978952418120437,"_wandb":{"runtime":9},"test_accuracy":0.9723,"epoch":5,"train_loss":0.03903167101478997}