{"_runtime":17,"test_f1":0.9134004108707081,"epoch":10,"_step":10,"test_accuracy":0.9142,"val_accuracy":0.9113333333333333,"_timestamp":1.772706725027023e+09,"train_loss":0.2168513016974801,"train_accuracy":0.9084444444444445,"_wandb":{"runtime":17},"val_loss":0.2165024303658557}