{"_runtime":3,"epoch":10,"_step":10,"test_f1":0.7776244487342419,"train_accuracy":0.8015740740740741,"test_accuracy":0.7874,"_wandb":{"runtime":3},"_timestamp":1.7727038375174022e+09,"train_loss":0.3646485477632706,"val_loss":0.371075900673021,"val_accuracy":0.7948333333333333}