{"test_accuracy":0.8274,"train_loss":0.25715265288151323,"val_loss":0.2645817859648019,"val_accuracy":0.8405,"_step":10,"test_f1":0.8283667808511129,"train_accuracy":0.841925925925926,"_timestamp":1.7727035716882272e+09,"_runtime":7,"_wandb":{"runtime":7},"epoch":10}