{"_step":10,"_wandb":{"runtime":5},"_runtime":5,"val_accuracy":0.8548333333333333,"epoch":10,"train_accuracy":0.8621666666666666,"test_accuracy":0.8472,"test_f1":0.8462189336877757,"train_loss":0.2273629184355289,"val_loss":0.23572908507098628,"_timestamp":1.7726966182179651e+09}