{"test_accuracy":0.9624,"_runtime":13,"_wandb":{"runtime":13},"_step":10,"epoch":10,"train_loss":0.0911626203768238,"val_accuracy":0.9616666666666667,"train_accuracy":0.9665,"_timestamp":1.772706306117121e+09,"test_f1":0.9620660653672248,"val_loss":0.09637333609920343}