{"val_loss":0.434979084084803,"_step":10,"_wandb":{"runtime":12},"_runtime":12,"test_f1":0.8318998909258009,"_timestamp":1.772707197202589e+09,"train_loss":0.38653760379390145,"val_accuracy":0.8378333333333333,"test_accuracy":0.8272,"epoch":10,"train_accuracy":0.8522037037037037}