{"epoch":10,"test_accuracy":0.6677,"train_accuracy":0.6659814814814815,"val_loss":0.5583041211347641,"_wandb":{"runtime":18},"_runtime":18,"_step":10,"val_accuracy":0.6588333333333334,"_timestamp":1.772706274762738e+09,"train_loss":0.5567056425805914,"test_f1":0.5876358589478513}