{"val_loss":0.1570689743028966,"train_loss":0.15286249083124037,"_runtime":3,"_timestamp":1.772704077618339e+09,"train_accuracy":0.9412592592592592,"_wandb":{"runtime":3},"epoch":10,"val_accuracy":0.9393333333333334,"test_f1":0.9399553434952794,"_step":10,"test_accuracy":0.9405}