{"train_accuracy":0.9354444444444444,"train_loss":0.23976744846840914,"test_accuracy":0.9292,"test_f1":0.9290304549230062,"val_loss":0.24424281513160342,"epoch":5,"_step":5,"_wandb":{"runtime":5},"_timestamp":1.772706462312769e+09,"val_accuracy":0.9313333333333333,"_runtime":5}