{"_runtime":10,"_timestamp":1.7727041122541351e+09,"train_loss":0.1579951116330488,"val_loss":0.15951308825544203,"_wandb":{"runtime":10},"_step":10,"test_accuracy":0.9425,"test_f1":0.9420210365930493,"epoch":10,"train_accuracy":0.9395,"val_accuracy":0.9388333333333333}