{"train_accuracy":0.9868703703703704,"_step":5,"_runtime":4,"test_f1":0.9672483476171377,"_timestamp":1.772707001032512e+09,"_wandb":{"runtime":4},"val_loss":0.09297233333136926,"val_accuracy":0.9705,"epoch":5,"train_loss":0.047359074309122305,"test_accuracy":0.9676}