{"_step":10,"epoch":10,"train_loss":0.353294411915305,"val_accuracy":0.8026666666666666,"_wandb":{"runtime":8},"_timestamp":1.7727038617031522e+09,"train_accuracy":0.8048518518518518,"val_loss":0.3591058117693052,"test_accuracy":0.7968,"test_f1":0.7880801325477537,"_runtime":8}