{"val_loss":0.20773547776977175,"_step":10,"test_accuracy":0.9176,"_timestamp":1.7727040385101728e+09,"train_loss":0.20788752606218946,"test_f1":0.916509061320701,"val_accuracy":0.9136666666666666,"_runtime":3,"_wandb":{"runtime":3},"train_accuracy":0.9131851851851852,"epoch":10}