{"epoch":5,"val_accuracy":0.5978333333333333,"train_loss":0.7488445746206754,"train_accuracy":0.6020555555555556,"test_accuracy":0.6142,"_step":5,"_runtime":8,"val_loss":0.7503811321128885,"_wandb":{"runtime":8},"test_f1":0.5964227738516935,"_timestamp":1.7727067616604989e+09}