{"train_loss":0.8981227239330133,"_timestamp":1.772702631438213e+09,"train_accuracy":0.15437037037037038,"test_accuracy":0.1591,"_step":5,"val_loss":0.8977421532762317,"_runtime":6,"val_accuracy":0.1555,"test_f1":0.05149707863243821,"_wandb":{"runtime":6},"epoch":5}