{"_timestamp":1.772705458392094e+09,"_wandb":{"runtime":5},"train_accuracy":0.9672222222222222,"test_accuracy":0.9612,"_runtime":5,"val_accuracy":0.9603333333333334,"test_f1":0.9609229561944316,"val_loss":0.0948007629781844,"_step":10,"epoch":10,"train_loss":0.08645815317187477}