{"_step":10,"_runtime":10,"test_accuracy":0.8765,"_wandb":{"runtime":10},"epoch":10,"train_loss":0.2279658906663013,"train_accuracy":0.9157222222222222,"val_loss":0.3119886320933622,"test_f1":0.8769521220414587,"_timestamp":1.7727069939731698e+09,"val_accuracy":0.8883333333333333}