{"train_loss":0.043052754967096686,"train_accuracy":0.9888518518518519,"val_loss":0.08540056586406151,"_step":10,"_wandb":{"runtime":7},"epoch":10,"_timestamp":1.772705717032883e+09,"test_accuracy":0.9738,"test_f1":0.9736314694498149,"_runtime":7,"val_accuracy":0.973}