{"val_loss":0.09361528474927513,"train_accuracy":0.9626481481481481,"epoch":10,"_step":10,"_timestamp":1.772697570108205e+09,"train_loss":0.0823356209645023,"test_accuracy":0.9511,"_wandb":{"runtime":6},"_runtime":6,"val_accuracy":0.9535,"test_f1":0.9504745346729043}