{"test_accuracy":0.1,"_wandb":{"runtime":5},"_step":10,"val_accuracy":0.10133333333333333,"_timestamp":1.772697877749218e+09,"test_f1":0.01818181818181818,"epoch":10,"_runtime":5,"train_accuracy":0.09985185185185186,"val_loss":0.9000327963866084,"train_loss":0.9000460422798122}