{"_runtime":8,"epoch":10,"train_loss":1.2150037250386485e+15,"_timestamp":1.772694891664873e+09,"val_loss":1.2284190227065625e+15,"_wandb":{"runtime":8},"train_accuracy":0.09985185185185186,"_step":9,"val_accuracy":0.10133333333333333}