{"val_loss":0.270054109563372,"_timestamp":1.772703111132299e+09,"epoch":10,"test_accuracy":0.8321,"_wandb":{"runtime":5},"train_loss":0.26373820009774845,"_step":10,"_runtime":5,"train_accuracy":0.8470925925925926,"val_accuracy":0.8455,"test_f1":0.8274882390313743}