{"_wandb":{"runtime":8},"_runtime":8,"val_loss":0.2193896539072312,"test_accuracy":0.9217,"_step":10,"train_loss":0.21897228368637114,"_timestamp":1.7727043992456598e+09,"test_f1":0.9207715860945423,"epoch":10,"train_accuracy":0.916537037037037,"val_accuracy":0.9201666666666667}