{"test_accuracy":0.8901,"train_accuracy":0.8837962962962963,"_step":5,"_wandb":{"runtime":4},"train_loss":0.33690296008463083,"val_loss":0.3420562466721916,"test_f1":0.8884700094924657,"epoch":5,"val_accuracy":0.884,"_timestamp":1.7727030600024588e+09,"_runtime":4}